customer_id,name,age,gender,location,email,signup_date
3,John Moore,26,Prefer not to say,Los Angeles,jamie.harris@hotmail.com,2022-02-07
4,Bailey Jones,22,Female,Columbus,john.davis@hotmail.com,2023-12-31
5,Taylor Davis,62,Prefer not to say,Jacksonville,jane.johnson@outlook.com,2023-04-19
6,Drew Smith,18,Prefer not to say,Houston,jane.thomas@hotmail.com,2022-05-22
7,Jordan Davis,60,Prefer not to say,New York,leslie.wilson@gmail.com,2023-12-28
8,Morgan Taylor,51,Female,Charlotte,chris.davis@outlook.com,2024-01-08
9,Sam Miller,34,Non-binary,Austin,sam.anderson@yahoo.com,2024-03-07
10,Pat Wilson,46,Non-binary,San Jose,morgan.brown@yahoo.com,2023-06-23
11,Sam Miller,54,Non-binary,Houston,jordan.taylor@outlook.com,2023-02-11
12,Casey Harris,20,Prefer not to say,Houston,casey.miller@gmail.com,2023-07-27
13,Morgan Miller,64,Female,Phoenix,drew.thomas@outlook.com,2022-07-17
14,Riley Moore,51,Prefer not to say,Austin,bailey.davis@hotmail.com,2024-08-15
15,Leslie Johnson,41,Prefer not to say,Chicago,jane.moore@hotmail.com,2024-03-20
16,Pat Thomas,61,Female,Phoenix,john.white@yahoo.com,2023-03-21
17,Morgan Moore,63,Male,Chicago,morgan.wilson@yahoo.com,2024-08-26
18,Jamie Smith,25,Prefer not to say,Austin,riley.jackson@yahoo.com,2024-01-05
19,Pat Jones,37,Non-binary,New York,morgan.white@hotmail.com,2023-10-23
20,Sam Taylor,18,Female,San Jose,chris.miller@yahoo.com,2023-01-31
21,Sam Smith,28,Non-binary,Phoenix,sam.taylor@yahoo.com,2023-05-21
22,Riley Thomas,49,Non-binary,Dallas,sam.harris@gmail.com,2024-02-11
23,Jordan Williams,55,Female,San Jose,pat.brown@outlook.com,2023-11-22
24,Drew Johnson,32,Male,San Jose,bailey.anderson@yahoo.com,2022-12-18
25,Leslie Wilson,54,Female,Philadelphia,jane.jones@hotmail.com,2024-03-08
26,Jordan Smith,33,Male,Charlotte,alex.williams@hotmail.com,2024-06-02
27,Sam Anderson,56,Male,Dallas,jane.thomas@gmail.com,2024-06-02
28,Bailey Wilson,40,Prefer not to say,San Antonio,sam.davis@gmail.com,2024-03-23
29,Leslie Anderson,19,Non-binary,Los Angeles,casey.anderson@hotmail.com,2022-09-01
30,Sam Davis,23,Male,San Diego,chris.taylor@gmail.com,2024-07-28
31,Jordan Harris,36,Female,San Diego,sam.anderson@gmail.com,2024-03-29
32,Riley Thomas,48,Non-binary,Charlotte,riley.davis@gmail.com,2024-02-12
33,Jordan Miller,50,Female,Los Angeles,pat.taylor@gmail.com,2022-06-01
34,Bailey Thomas,63,Non-binary,Houston,john.wilson@yahoo.com,2022-11-20
35,Alex Moore,64,Prefer not to say,Philadelphia,taylor.jackson@yahoo.com,2023-08-19
36,Casey Anderson,55,Non-binary,San Antonio,leslie.white@hotmail.com,2022-03-17
37,Drew Harris,22,Non-binary,Philadelphia,pat.brown@yahoo.com,2024-07-11
38,Jane Davis,49,Non-binary,Charlotte,taylor.thomas@gmail.com,2024-02-20
39,Drew Harris,70,Female,Austin,leslie.smith@outlook.com,2022-03-24
40,Pat Brown,22,Female,Houston,jane.taylor@hotmail.com,2022-08-18
41,Chris Johnson,69,Prefer not to say,Austin,jamie.white@outlook.com,2024-03-06
42,Alex Thomas,50,Male,San Antonio,taylor.brown@gmail.com,2024-03-07
43,Sam Williams,69,Prefer not to say,New York,bailey.moore@outlook.com,2024-06-06
44,Alex Thomas,46,Prefer not to say,San Antonio,riley.white@hotmail.com,2022-06-18
45,Drew Taylor,30,Non-binary,San Diego,leslie.white@outlook.com,2024-04-11
46,Jamie Miller,23,Male,Phoenix,alex.moore@outlook.com,2024-03-25
47,Riley Jones,49,Prefer not to say,Jacksonville,drew.davis@yahoo.com,2023-10-19
48,Sam Jackson,37,Non-binary,San Diego,jordan.thomas@hotmail.com,2024-04-03
49,Jordan Davis,19,Male,Austin,morgan.harris@gmail.com,2023-12-11
50,Jordan Moore,37,Non-binary,San Jose,jordan.jones@gmail.com,2022-11-06
51,Riley Davis,23,Non-binary,Chicago,taylor.brown@hotmail.com,2023-06-17
52,Leslie Davis,58,Prefer not to say,Los Angeles,jordan.anderson@outlook.com,2023-07-30
53,Morgan Smith,47,Non-binary,Los Angeles,morgan.brown@hotmail.com,2024-05-26
54,John White,37,Male,Houston,john.davis@yahoo.com,2024-08-20
55,Casey Thomas,53,Non-binary,New York,jamie.white@hotmail.com,2022-04-14
56,Jane Smith,70,Female,Fort Worth,jordan.taylor@outlook.com,2024-08-20
57,Jamie Jones,51,Male,San Diego,john.williams@gmail.com,2022-05-31
58,Riley Jones,56,Female,San Jose,alex.moore@outlook.com,2024-07-27
59,Casey Wilson,66,Female,Charlotte,jane.wilson@yahoo.com,2022-09-12
60,Casey Brown,44,Male,Phoenix,riley.jackson@gmail.com,2024-03-13
61,Jamie Brown,22,Prefer not to say,Fort Worth,jane.johnson@hotmail.com,2024-09-28
62,Taylor Williams,20,Non-binary,San Antonio,alex.anderson@outlook.com,2024-01-18
63,Alex Harris,41,Non-binary,Austin,morgan.moore@yahoo.com,2022-02-16
64,Drew Thomas,53,Female,Austin,leslie.smith@hotmail.com,2022-03-22
65,Drew Williams,51,Female,Chicago,pat.anderson@yahoo.com,2024-07-27
66,Bailey Taylor,69,Male,San Antonio,chris.miller@yahoo.com,2023-07-22
67,Jane Taylor,23,Male,Charlotte,sam.taylor@gmail.com,2023-12-08
68,Jordan Smith,34,Female,Jacksonville,taylor.johnson@hotmail.com,2022-06-06
69,Sam Smith,61,Prefer not to say,Houston,morgan.harris@yahoo.com,2024-06-27
70,Chris Davis,20,Non-binary,Charlotte,john.wilson@hotmail.com,2022-04-10
71,Morgan Smith,49,Non-binary,Jacksonville,bailey.taylor@yahoo.com,2023-11-09
72,Jane Williams,65,Male,Houston,sam.thomas@yahoo.com,2022-06-18
73,Jane Williams,60,Prefer not to say,Jacksonville,alex.brown@hotmail.com,2024-06-19
74,Bailey White,32,Female,Phoenix,riley.anderson@outlook.com,2023-02-24
75,Chris Brown,64,Male,Chicago,alex.thomas@hotmail.com,2023-09-07
76,Taylor Smith,41,Male,Austin,casey.smith@hotmail.com,2023-09-04
77,Casey White,39,Female,Houston,drew.jones@hotmail.com,2022-05-24
78,Leslie White,27,Female,Charlotte,jane.smith@outlook.com,2023-12-24
79,Drew Johnson,66,Prefer not to say,Columbus,taylor.jackson@outlook.com,2024-01-13
80,Sam Harris,49,Female,San Diego,chris.jones@outlook.com,2023-01-09
81,Drew Miller,70,Non-binary,Phoenix,jordan.brown@yahoo.com,2023-08-02
242,Jamie Jones,33,Female,Los Angeles,riley.moore@yahoo.com,2022-05-29
82,Jamie Jones,37,Prefer not to say,Fort Worth,casey.jones@outlook.com,2022-06-13
83,Morgan Anderson,58,Male,San Diego,jamie.white@hotmail.com,2023-09-03
84,Chris Moore,29,Non-binary,Austin,pat.johnson@yahoo.com,2024-03-04
85,Alex Jones,41,Prefer not to say,Los Angeles,morgan.williams@gmail.com,2023-09-20
86,Chris Jackson,41,Non-binary,Los Angeles,alex.miller@hotmail.com,2024-07-13
87,Leslie Taylor,44,Non-binary,Jacksonville,leslie.harris@gmail.com,2023-11-19
88,Chris Harris,22,Non-binary,San Diego,jane.wilson@gmail.com,2022-03-01
89,Alex Brown,31,Non-binary,Philadelphia,morgan.thomas@gmail.com,2023-10-03
90,John Anderson,28,Female,Los Angeles,leslie.white@hotmail.com,2022-01-14
91,Leslie Smith,48,Non-binary,Los Angeles,morgan.smith@yahoo.com,2022-08-15
92,Pat Johnson,49,Female,New York,morgan.moore@yahoo.com,2023-04-29
93,Jane Davis,36,Female,Chicago,leslie.harris@hotmail.com,2023-01-22
94,Pat Davis,25,Prefer not to say,Phoenix,leslie.davis@hotmail.com,2023-06-24
95,Drew Moore,58,Non-binary,Charlotte,riley.thomas@gmail.com,2023-08-20
96,Riley Wilson,56,Male,Los Angeles,casey.smith@yahoo.com,2023-03-02
97,Taylor Johnson,24,Prefer not to say,Chicago,drew.moore@gmail.com,2022-05-09
98,Drew Harris,29,Non-binary,New York,morgan.anderson@outlook.com,2023-02-15
99,Drew Smith,39,Non-binary,Austin,drew.white@hotmail.com,2022-01-03
100,Chris Miller,45,Male,Charlotte,morgan.wilson@gmail.com,2023-04-13
101,Leslie Johnson,48,Male,Jacksonville,jane.smith@gmail.com,2024-08-05
102,John Taylor,26,Non-binary,Los Angeles,morgan.taylor@gmail.com,2023-02-28
103,John Jones,21,Male,San Antonio,casey.miller@yahoo.com,2023-03-27
104,Jordan Taylor,54,Female,Houston,morgan.williams@outlook.com,2023-07-15
105,Pat Williams,22,Non-binary,New York,drew.wilson@hotmail.com,2024-04-07
106,Alex Brown,31,Non-binary,Chicago,jordan.miller@gmail.com,2024-07-01
107,Pat Harris,67,Female,New York,pat.jones@outlook.com,2022-11-15
108,Sam Harris,41,Prefer not to say,Jacksonville,jordan.taylor@yahoo.com,2022-11-17
109,Sam Wilson,67,Female,New York,chris.johnson@yahoo.com,2023-10-15
110,Jamie Harris,64,Non-binary,New York,john.johnson@yahoo.com,2022-10-03
111,Jane Moore,69,Female,Phoenix,taylor.jones@gmail.com,2024-02-29
112,Morgan Anderson,61,Female,Los Angeles,morgan.anderson@hotmail.com,2023-01-28
113,Morgan Harris,34,Male,Austin,jane.davis@gmail.com,2024-08-12
114,Morgan Williams,59,Prefer not to say,San Jose,drew.taylor@yahoo.com,2023-06-02
115,Bailey Wilson,33,Prefer not to say,Dallas,john.jones@hotmail.com,2023-11-05
116,Casey Wilson,63,Non-binary,Dallas,john.williams@outlook.com,2023-11-29
117,Leslie Anderson,69,Non-binary,New York,taylor.thomas@outlook.com,2022-12-02
118,Drew Moore,45,Male,Los Angeles,sam.smith@outlook.com,2024-03-24
119,Taylor Jackson,54,Prefer not to say,Fort Worth,morgan.thomas@yahoo.com,2023-12-14
120,Sam Taylor,30,Female,Austin,jane.taylor@yahoo.com,2023-11-04
121,Leslie Davis,32,Female,Columbus,chris.brown@yahoo.com,2022-09-13
122,Leslie Smith,38,Non-binary,Los Angeles,jamie.miller@yahoo.com,2024-04-26
123,Leslie Harris,32,Male,Philadelphia,leslie.white@gmail.com,2024-09-30
124,Casey Williams,56,Female,Jacksonville,pat.taylor@gmail.com,2022-04-27
125,John Jackson,60,Prefer not to say,Charlotte,sam.moore@hotmail.com,2024-01-17
126,Taylor Harris,21,Female,Jacksonville,jamie.smith@hotmail.com,2024-01-22
127,Sam Harris,69,Male,Chicago,john.davis@hotmail.com,2022-08-05
128,Drew Moore,23,Male,San Antonio,alex.smith@yahoo.com,2022-05-27
129,Pat Jackson,29,Male,Chicago,drew.white@yahoo.com,2024-09-26
130,Casey Miller,66,Male,Charlotte,riley.moore@yahoo.com,2024-02-22
131,Pat Harris,44,Male,Phoenix,taylor.taylor@hotmail.com,2024-05-18
132,Riley Johnson,51,Female,Chicago,alex.davis@gmail.com,2022-01-18
133,Jordan Johnson,55,Prefer not to say,San Diego,jane.miller@yahoo.com,2023-06-12
134,Jane Miller,45,Non-binary,Los Angeles,jane.harris@outlook.com,2024-06-06
135,Jane White,61,Male,Jacksonville,morgan.white@outlook.com,2023-03-26
136,Bailey Taylor,58,Male,Fort Worth,alex.jackson@hotmail.com,2024-04-10
137,Riley Jackson,39,Prefer not to say,Houston,morgan.anderson@gmail.com,2022-11-24
138,Casey Thomas,67,Prefer not to say,San Jose,pat.williams@gmail.com,2024-03-06
139,Pat Jones,51,Non-binary,San Antonio,taylor.jackson@hotmail.com,2023-04-16
140,Sam Harris,67,Male,Houston,morgan.harris@gmail.com,2024-04-21
141,Chris White,45,Male,Austin,leslie.thomas@yahoo.com,2023-09-24
142,Leslie Wilson,33,Non-binary,Philadelphia,morgan.anderson@gmail.com,2023-02-28
143,Morgan Jones,25,Prefer not to say,New York,jordan.white@gmail.com,2024-02-07
144,Riley Miller,50,Non-binary,Charlotte,sam.thomas@hotmail.com,2022-05-09
145,Jamie Davis,29,Non-binary,Houston,jane.jones@hotmail.com,2022-02-19
146,Alex Smith,63,Non-binary,Columbus,drew.thomas@outlook.com,2022-05-08
147,Casey Williams,21,Male,New York,bailey.taylor@hotmail.com,2022-07-12
148,Jordan Miller,56,Non-binary,Los Angeles,sam.williams@hotmail.com,2023-01-13
149,Morgan Miller,43,Non-binary,New York,jane.davis@hotmail.com,2022-06-07
150,Pat Anderson,33,Male,Los Angeles,riley.taylor@yahoo.com,2023-04-15
151,Chris Brown,64,Prefer not to say,Charlotte,drew.thomas@hotmail.com,2022-12-29
152,Chris Anderson,31,Prefer not to say,Los Angeles,sam.johnson@hotmail.com,2023-01-07
153,Jamie Davis,33,Prefer not to say,New York,john.white@hotmail.com,2023-03-22
154,Jordan Moore,40,Non-binary,Columbus,drew.jones@outlook.com,2022-01-13
155,Jamie Smith,54,Male,Jacksonville,pat.williams@hotmail.com,2022-01-22
156,John Davis,63,Non-binary,Chicago,alex.taylor@hotmail.com,2022-09-09
157,Leslie Williams,67,Prefer not to say,New York,jamie.harris@hotmail.com,2022-11-29
158,Drew Thomas,24,Non-binary,Columbus,drew.white@hotmail.com,2023-07-28
159,Casey Williams,64,Female,Dallas,morgan.taylor@gmail.com,2023-07-31
160,Sam Smith,64,Female,New York,taylor.taylor@gmail.com,2022-08-24
161,Bailey Miller,52,Non-binary,Philadelphia,jamie.anderson@hotmail.com,2023-07-29
162,Jane Johnson,59,Prefer not to say,San Antonio,alex.smith@gmail.com,2024-03-11
163,Drew Williams,53,Prefer not to say,New York,taylor.thomas@yahoo.com,2022-12-13
164,Sam Thomas,67,Non-binary,Los Angeles,alex.smith@outlook.com,2022-08-09
165,Alex Davis,67,Female,Dallas,leslie.miller@hotmail.com,2024-09-04
166,Alex Brown,43,Male,Dallas,bailey.jones@hotmail.com,2024-04-24
167,Alex Miller,60,Female,Columbus,casey.brown@hotmail.com,2022-12-07
168,Casey Johnson,35,Prefer not to say,Houston,chris.jones@yahoo.com,2022-07-10
169,Casey Taylor,26,Non-binary,Phoenix,morgan.anderson@hotmail.com,2022-10-01
170,Sam Davis,39,Non-binary,San Jose,chris.harris@hotmail.com,2023-12-22
171,Leslie Williams,40,Non-binary,New York,riley.anderson@gmail.com,2023-04-04
172,Sam Anderson,43,Non-binary,Fort Worth,jamie.wilson@yahoo.com,2022-03-30
173,Alex White,27,Prefer not to say,Charlotte,leslie.smith@hotmail.com,2024-04-15
174,Sam Davis,32,Female,Columbus,jamie.davis@yahoo.com,2024-06-23
175,Taylor Miller,28,Non-binary,Austin,jamie.white@yahoo.com,2022-12-10
176,Taylor Taylor,33,Female,Austin,sam.brown@yahoo.com,2022-12-20
177,Bailey Anderson,54,Female,San Diego,morgan.brown@outlook.com,2022-01-24
178,Jordan Taylor,28,Male,Phoenix,casey.williams@gmail.com,2023-11-24
179,Bailey Wilson,33,Non-binary,Phoenix,chris.smith@hotmail.com,2023-05-04
180,Sam White,22,Prefer not to say,Jacksonville,alex.jackson@yahoo.com,2022-01-22
181,Drew Jones,28,Male,Dallas,drew.miller@yahoo.com,2024-01-16
182,Jordan Williams,55,Male,Austin,pat.williams@outlook.com,2023-08-21
183,Riley Miller,67,Prefer not to say,Houston,john.miller@hotmail.com,2023-01-16
184,Jane Jones,47,Female,Austin,casey.smith@gmail.com,2022-03-13
185,Leslie Anderson,40,Female,Houston,casey.brown@outlook.com,2023-04-24
186,John Brown,44,Female,Phoenix,john.thomas@outlook.com,2023-04-05
187,Sam Moore,21,Female,San Diego,bailey.harris@hotmail.com,2023-09-11
188,Jane Jackson,65,Prefer not to say,Dallas,taylor.thomas@gmail.com,2022-06-08
189,Chris Williams,25,Male,Charlotte,pat.brown@gmail.com,2022-01-22
190,Jamie Johnson,61,Male,Austin,jamie.white@outlook.com,2023-08-04
191,Chris Wilson,69,Female,Jacksonville,casey.anderson@gmail.com,2022-10-01
192,Bailey Jackson,31,Non-binary,San Jose,bailey.miller@yahoo.com,2022-03-19
193,Bailey Jackson,46,Prefer not to say,Austin,sam.miller@yahoo.com,2024-08-05
194,Alex Davis,25,Male,Los Angeles,jordan.wilson@gmail.com,2023-10-28
195,Chris Davis,24,Prefer not to say,Chicago,leslie.smith@gmail.com,2022-12-16
196,John Miller,66,Male,Fort Worth,jamie.williams@outlook.com,2024-04-20
197,Jamie Wilson,26,Prefer not to say,Charlotte,pat.smith@yahoo.com,2023-06-10
198,Alex Moore,44,Non-binary,Austin,bailey.moore@hotmail.com,2024-03-30
199,Casey Smith,34,Female,San Antonio,leslie.white@outlook.com,2023-03-26
200,Casey Brown,48,Prefer not to say,San Diego,alex.wilson@outlook.com,2024-08-10
201,Pat Brown,27,Male,Jacksonville,jordan.anderson@yahoo.com,2024-02-25
202,Riley Johnson,32,Prefer not to say,Phoenix,jane.jones@hotmail.com,2022-12-11
203,Morgan Miller,36,Male,Phoenix,chris.white@outlook.com,2023-04-10
204,Drew Williams,55,Male,Houston,drew.johnson@outlook.com,2024-05-16
205,Sam Wilson,66,Prefer not to say,Philadelphia,bailey.williams@outlook.com,2024-09-13
206,Alex Williams,49,Non-binary,San Jose,riley.jones@hotmail.com,2023-10-18
207,Alex Anderson,54,Prefer not to say,Houston,riley.miller@outlook.com,2024-03-02
208,Jordan Thomas,31,Female,Charlotte,chris.davis@yahoo.com,2023-10-21
209,Pat Jones,68,Prefer not to say,Columbus,alex.thomas@yahoo.com,2023-10-28
210,Leslie Thomas,63,Male,Fort Worth,jamie.wilson@gmail.com,2022-05-25
211,Alex Jackson,47,Prefer not to say,Houston,chris.miller@hotmail.com,2023-05-01
212,Pat White,19,Prefer not to say,Jacksonville,morgan.brown@outlook.com,2023-12-09
213,Alex Williams,53,Prefer not to say,Philadelphia,morgan.johnson@gmail.com,2024-01-30
214,Jamie Jones,62,Non-binary,Dallas,bailey.taylor@gmail.com,2022-04-09
215,Sam Thomas,63,Prefer not to say,Austin,pat.davis@gmail.com,2023-01-29
216,Jamie Williams,61,Non-binary,Austin,sam.moore@gmail.com,2022-11-29
217,Jane Anderson,62,Male,Phoenix,drew.jackson@gmail.com,2023-01-01
218,Riley Davis,66,Male,Charlotte,john.taylor@outlook.com,2022-11-16
219,Jordan Moore,69,Prefer not to say,Austin,jordan.thomas@hotmail.com,2022-09-25
220,Morgan Johnson,48,Non-binary,Los Angeles,riley.jackson@outlook.com,2024-07-02
221,Jordan Taylor,23,Female,Fort Worth,pat.johnson@gmail.com,2024-06-25
222,Taylor Brown,37,Male,Philadelphia,jordan.anderson@yahoo.com,2023-07-07
223,Chris Moore,58,Non-binary,Austin,morgan.taylor@gmail.com,2022-07-13
224,Jamie Williams,30,Male,New York,pat.anderson@gmail.com,2022-05-03
225,Leslie Brown,46,Female,Houston,john.williams@hotmail.com,2022-07-28
226,Morgan Anderson,57,Male,Chicago,drew.moore@hotmail.com,2023-03-25
227,Riley Miller,23,Female,Columbus,leslie.harris@gmail.com,2023-04-20
228,John Jackson,23,Female,Dallas,pat.miller@yahoo.com,2022-09-11
229,Riley Smith,64,Male,New York,casey.harris@yahoo.com,2022-10-12
230,Jordan Davis,61,Male,Philadelphia,john.brown@outlook.com,2022-06-27
231,Drew Harris,50,Female,Jacksonville,riley.thomas@outlook.com,2022-06-07
232,Sam Williams,23,Female,Charlotte,leslie.jackson@outlook.com,2024-01-03
233,Jordan Davis,20,Male,Austin,riley.anderson@outlook.com,2023-03-03
234,Jamie Williams,22,Female,Philadelphia,bailey.davis@hotmail.com,2022-02-22
235,Riley Taylor,25,Male,Columbus,john.brown@outlook.com,2022-09-08
236,Jordan Davis,23,Prefer not to say,Houston,jamie.smith@outlook.com,2022-12-22
237,Sam Davis,21,Female,Columbus,leslie.miller@hotmail.com,2022-07-07
238,Jamie Davis,33,Non-binary,San Jose,jane.miller@outlook.com,2023-07-03
239,Alex Jones,51,Female,San Antonio,alex.smith@gmail.com,2023-06-02
240,Riley Williams,47,Prefer not to say,Houston,bailey.jackson@hotmail.com,2024-02-27
241,Riley Harris,67,Prefer not to say,Columbus,jamie.miller@yahoo.com,2023-02-23
243,Jordan Thomas,36,Prefer not to say,Charlotte,alex.harris@yahoo.com,2024-07-21
244,Chris White,58,Non-binary,Columbus,riley.anderson@outlook.com,2023-01-14
245,Morgan Harris,40,Male,Columbus,sam.taylor@hotmail.com,2024-08-07
246,Pat Moore,44,Male,Dallas,jamie.smith@outlook.com,2024-06-06
247,Bailey Brown,29,Female,Austin,john.anderson@gmail.com,2023-03-20
248,Riley Thomas,32,Prefer not to say,San Antonio,sam.davis@gmail.com,2023-06-08
249,Jordan Wilson,45,Male,Philadelphia,bailey.brown@outlook.com,2022-06-03
250,Drew Jones,62,Non-binary,San Diego,chris.davis@hotmail.com,2022-04-15
251,Drew White,49,Non-binary,Charlotte,sam.wilson@outlook.com,2022-02-22
252,Pat Williams,35,Non-binary,San Antonio,bailey.johnson@yahoo.com,2022-06-09
253,Sam Taylor,18,Non-binary,Houston,morgan.harris@yahoo.com,2022-04-01
254,Pat Brown,52,Prefer not to say,Philadelphia,sam.brown@outlook.com,2024-04-20
255,Sam White,60,Male,Jacksonville,riley.wilson@yahoo.com,2022-07-05
256,Pat Davis,63,Non-binary,San Antonio,sam.anderson@outlook.com,2022-09-01
257,Pat Johnson,64,Prefer not to say,San Diego,chris.harris@yahoo.com,2023-05-09
258,Sam Johnson,28,Female,Fort Worth,john.wilson@hotmail.com,2024-01-04
259,Drew Davis,50,Prefer not to say,Chicago,jordan.anderson@gmail.com,2022-07-30
260,Leslie Harris,56,Female,Philadelphia,jordan.williams@yahoo.com,2023-09-08
261,Chris Jackson,29,Prefer not to say,Jacksonville,morgan.miller@outlook.com,2023-10-15
262,Jamie Thomas,51,Prefer not to say,Fort Worth,jordan.wilson@hotmail.com,2024-01-08
263,Taylor Wilson,40,Male,Phoenix,john.jackson@hotmail.com,2024-01-02
264,Morgan Williams,34,Non-binary,Houston,drew.brown@yahoo.com,2022-02-18
265,Alex Jones,61,Female,Chicago,chris.brown@yahoo.com,2023-03-07
266,Sam Miller,58,Prefer not to say,Fort Worth,taylor.wilson@hotmail.com,2023-03-30
267,Jane Harris,20,Female,Jacksonville,chris.wilson@yahoo.com,2023-04-20
268,Jordan Smith,44,Non-binary,Chicago,chris.taylor@gmail.com,2022-07-03
269,Pat Davis,62,Male,Columbus,bailey.thomas@outlook.com,2022-10-01
270,Pat Johnson,53,Male,Philadelphia,bailey.taylor@gmail.com,2023-09-19
271,Drew Brown,23,Male,San Antonio,pat.anderson@gmail.com,2023-01-24
272,Chris Harris,30,Prefer not to say,San Diego,john.williams@yahoo.com,2022-01-12
273,Taylor Davis,69,Non-binary,Houston,chris.brown@gmail.com,2022-10-08
274,Casey Jackson,24,Male,Austin,alex.moore@gmail.com,2023-09-21
275,Taylor Williams,35,Female,Philadelphia,drew.davis@hotmail.com,2022-10-07
276,John White,43,Non-binary,Fort Worth,leslie.wilson@yahoo.com,2022-01-03
277,Casey White,44,Female,Houston,jamie.jones@yahoo.com,2023-04-05
278,Morgan Moore,34,Prefer not to say,Houston,drew.taylor@hotmail.com,2023-10-13
279,Bailey Davis,31,Prefer not to say,Los Angeles,bailey.wilson@outlook.com,2023-07-18
280,Sam Moore,28,Female,Houston,morgan.harris@gmail.com,2022-01-06
281,Drew Jackson,38,Prefer not to say,Los Angeles,jamie.jackson@gmail.com,2022-12-15
282,Casey Miller,50,Non-binary,Columbus,pat.jackson@yahoo.com,2023-08-29
283,Drew Wilson,43,Non-binary,Dallas,bailey.miller@gmail.com,2022-01-03
284,Chris White,32,Male,Phoenix,riley.moore@gmail.com,2023-10-27
285,Drew Harris,48,Male,Jacksonville,bailey.brown@gmail.com,2024-08-03
286,Drew Brown,30,Female,San Antonio,pat.thomas@hotmail.com,2024-01-12
287,Leslie Taylor,21,Prefer not to say,Chicago,chris.white@hotmail.com,2022-02-28
288,Sam Thomas,56,Prefer not to say,New York,john.jones@hotmail.com,2023-02-03
289,Riley White,54,Prefer not to say,San Jose,riley.jones@outlook.com,2024-06-02
290,Jane Moore,34,Male,Fort Worth,alex.johnson@outlook.com,2023-10-16
291,Casey Miller,34,Non-binary,New York,drew.moore@yahoo.com,2024-01-18
292,John Wilson,23,Female,Dallas,jordan.moore@gmail.com,2022-02-04
293,Drew Smith,62,Prefer not to say,Fort Worth,chris.davis@hotmail.com,2023-08-24
294,Jane Davis,22,Female,Los Angeles,jamie.davis@outlook.com,2022-03-14
295,Bailey Smith,43,Male,Columbus,alex.jones@gmail.com,2024-06-24
296,Jamie Anderson,38,Female,Los Angeles,alex.white@hotmail.com,2024-07-07
297,Casey Brown,34,Non-binary,Austin,morgan.taylor@gmail.com,2022-04-12
298,Drew Harris,56,Female,Philadelphia,taylor.smith@gmail.com,2023-09-03
299,Jamie Jones,57,Female,San Antonio,jamie.johnson@yahoo.com,2022-12-05
300,Casey Moore,39,Male,San Diego,taylor.williams@hotmail.com,2022-03-09
301,Sam Williams,36,Female,Los Angeles,john.jackson@yahoo.com,2022-09-27
302,Pat Jones,43,Prefer not to say,San Diego,casey.miller@hotmail.com,2022-02-09
303,Casey Johnson,49,Non-binary,Fort Worth,sam.johnson@yahoo.com,2023-02-21
304,Jordan White,57,Prefer not to say,Chicago,chris.taylor@gmail.com,2024-05-24
305,Jordan White,46,Prefer not to say,San Diego,leslie.harris@gmail.com,2023-05-29
306,Jane Davis,28,Female,San Jose,morgan.thomas@gmail.com,2022-09-29
307,Bailey Jackson,69,Female,Los Angeles,sam.smith@yahoo.com,2023-09-28
308,Jordan Harris,19,Non-binary,San Jose,drew.harris@yahoo.com,2024-06-24
309,Riley Jones,49,Prefer not to say,Fort Worth,sam.davis@yahoo.com,2022-12-28
310,Chris Brown,67,Male,Philadelphia,morgan.brown@gmail.com,2022-07-28
311,Chris Harris,65,Female,Philadelphia,casey.taylor@gmail.com,2024-02-13
312,Drew Jones,57,Female,Chicago,pat.wilson@gmail.com,2022-10-15
313,Bailey Moore,67,Non-binary,Fort Worth,leslie.anderson@gmail.com,2023-05-17
314,Sam Williams,39,Male,Chicago,alex.davis@yahoo.com,2023-03-20
315,Drew Harris,47,Female,Dallas,jamie.harris@outlook.com,2022-07-14
316,John Anderson,48,Non-binary,Dallas,jamie.miller@outlook.com,2024-05-19
317,Sam Thomas,30,Female,Austin,alex.anderson@outlook.com,2024-07-19
318,Alex Davis,27,Male,Phoenix,jordan.taylor@gmail.com,2023-02-03
319,Casey Jackson,67,Non-binary,Philadelphia,john.johnson@outlook.com,2022-05-30
320,Taylor Miller,46,Male,Philadelphia,taylor.smith@gmail.com,2023-10-28
321,Jordan Wilson,36,Prefer not to say,Jacksonville,bailey.white@hotmail.com,2024-01-10
322,Jordan Johnson,66,Prefer not to say,Chicago,john.jones@hotmail.com,2024-09-01
323,Casey Smith,48,Male,Charlotte,jamie.harris@hotmail.com,2024-04-18
324,Leslie Taylor,66,Female,New York,drew.jackson@outlook.com,2023-05-26
325,Bailey Miller,34,Non-binary,Phoenix,riley.taylor@yahoo.com,2022-02-18
326,Drew Smith,43,Male,San Jose,jordan.thomas@yahoo.com,2024-01-26
327,Riley Miller,23,Male,Dallas,riley.thomas@outlook.com,2024-07-29
328,Jane Wilson,22,Male,Los Angeles,chris.wilson@yahoo.com,2023-06-23
329,Jamie Williams,53,Non-binary,Fort Worth,chris.white@yahoo.com,2023-12-08
330,Jordan White,68,Male,Chicago,pat.anderson@outlook.com,2024-06-10
331,Jane Harris,42,Prefer not to say,San Jose,bailey.smith@hotmail.com,2024-08-02
332,Casey Smith,55,Female,Los Angeles,sam.smith@yahoo.com,2022-06-06
333,Taylor Davis,31,Male,Fort Worth,pat.harris@outlook.com,2022-10-19
334,Jamie Jackson,69,Female,Chicago,morgan.harris@outlook.com,2023-10-11
335,Jamie Johnson,52,Female,Charlotte,leslie.jackson@gmail.com,2024-06-26
336,Alex Williams,56,Male,San Jose,drew.wilson@gmail.com,2022-07-18
337,Leslie White,26,Prefer not to say,New York,alex.brown@gmail.com,2022-10-01
338,Taylor Williams,30,Non-binary,Jacksonville,pat.davis@yahoo.com,2023-06-26
339,Chris Williams,18,Non-binary,Phoenix,riley.miller@outlook.com,2023-10-15
340,Taylor Brown,67,Female,San Diego,casey.johnson@outlook.com,2022-07-23
341,Bailey Johnson,68,Prefer not to say,San Diego,bailey.davis@yahoo.com,2024-04-08
342,Pat Johnson,22,Female,Columbus,pat.taylor@gmail.com,2022-01-25
343,Sam Jones,26,Female,Los Angeles,morgan.harris@gmail.com,2024-04-17
344,Pat Jones,46,Prefer not to say,Fort Worth,casey.jones@hotmail.com,2024-07-15
345,John Wilson,19,Female,Philadelphia,jordan.thomas@gmail.com,2023-04-14
346,Casey White,36,Female,Fort Worth,jordan.williams@outlook.com,2022-10-01
347,Bailey Jones,67,Non-binary,San Jose,john.williams@hotmail.com,2023-04-21
348,Jamie Thomas,37,Prefer not to say,San Diego,taylor.smith@outlook.com,2022-03-14
349,Pat Moore,38,Prefer not to say,Philadelphia,casey.jackson@hotmail.com,2024-08-10
350,Chris Davis,32,Non-binary,New York,taylor.moore@yahoo.com,2022-04-03
351,Alex Williams,59,Prefer not to say,Los Angeles,sam.white@outlook.com,2022-09-14
352,Jordan Anderson,50,Male,Austin,riley.smith@outlook.com,2022-07-25
353,Casey Williams,29,Non-binary,San Antonio,sam.williams@hotmail.com,2023-10-18
354,Bailey Brown,61,Male,San Jose,casey.taylor@hotmail.com,2022-01-12
355,Riley Harris,21,Non-binary,Charlotte,morgan.white@hotmail.com,2022-08-01
356,Jordan Thomas,31,Prefer not to say,Columbus,pat.anderson@hotmail.com,2024-07-15
357,Jamie Smith,40,Female,San Diego,riley.anderson@gmail.com,2022-05-20
358,Bailey Miller,25,Prefer not to say,Columbus,jane.moore@outlook.com,2022-04-26
359,Alex Jones,22,Prefer not to say,Fort Worth,bailey.taylor@gmail.com,2022-10-26
360,Casey Jackson,21,Female,San Diego,alex.white@yahoo.com,2023-01-14
361,John Taylor,27,Prefer not to say,San Antonio,chris.thomas@gmail.com,2023-04-08
362,Taylor Jackson,55,Female,Phoenix,john.anderson@outlook.com,2022-11-07
363,John Miller,34,Prefer not to say,Dallas,riley.smith@yahoo.com,2023-12-20
364,Casey Harris,38,Prefer not to say,Fort Worth,taylor.taylor@hotmail.com,2023-06-01
365,Jane Moore,53,Male,Dallas,john.wilson@outlook.com,2024-07-18
366,Jamie Moore,43,Non-binary,Charlotte,pat.miller@outlook.com,2024-08-30
367,John Brown,45,Prefer not to say,San Antonio,taylor.brown@yahoo.com,2023-04-30
368,Bailey White,22,Prefer not to say,San Jose,drew.davis@yahoo.com,2024-01-23
369,Riley Wilson,26,Prefer not to say,Houston,riley.smith@outlook.com,2023-08-04
370,Pat Jackson,54,Female,Charlotte,riley.jackson@outlook.com,2022-11-06
371,Leslie Williams,42,Male,Columbus,pat.anderson@hotmail.com,2022-07-28
372,Bailey Miller,40,Female,Jacksonville,taylor.white@gmail.com,2022-01-01
373,Casey Jones,57,Non-binary,Phoenix,chris.anderson@outlook.com,2022-12-20
374,Alex Smith,51,Female,Charlotte,sam.taylor@outlook.com,2022-09-05
375,Leslie Williams,53,Non-binary,Austin,casey.taylor@hotmail.com,2024-07-17
376,Riley Harris,22,Non-binary,Chicago,taylor.williams@gmail.com,2022-03-08
377,Sam Thomas,35,Male,San Jose,chris.moore@gmail.com,2024-09-22
378,Bailey White,45,Female,San Antonio,chris.thomas@outlook.com,2023-03-01
379,Pat White,45,Female,San Diego,jordan.williams@hotmail.com,2023-11-08
380,Jamie Taylor,67,Non-binary,Houston,taylor.white@gmail.com,2022-08-19
381,Bailey Jackson,53,Female,San Jose,riley.white@gmail.com,2024-08-30
382,Jane Taylor,24,Prefer not to say,San Diego,casey.brown@hotmail.com,2024-04-02
383,Bailey Taylor,47,Non-binary,Jacksonville,casey.taylor@outlook.com,2022-04-06
384,Jane Williams,57,Female,Austin,drew.brown@hotmail.com,2024-07-08
385,Alex Anderson,31,Non-binary,Jacksonville,leslie.thomas@outlook.com,2022-03-22
386,Jane Davis,24,Non-binary,Chicago,alex.smith@hotmail.com,2023-05-22
387,Jane Jones,61,Female,New York,drew.johnson@yahoo.com,2023-09-01
388,Sam Jackson,19,Female,Phoenix,taylor.moore@outlook.com,2022-02-14
389,John Thomas,18,Non-binary,San Jose,alex.johnson@hotmail.com,2022-04-07
390,Jordan Johnson,36,Non-binary,San Antonio,john.johnson@hotmail.com,2023-10-12
391,Jane White,64,Male,Dallas,jordan.taylor@outlook.com,2022-05-11
392,Riley Jackson,54,Female,Jacksonville,jane.wilson@gmail.com,2024-06-05
393,Taylor Jones,52,Non-binary,Columbus,leslie.brown@gmail.com,2023-02-03
394,Casey Jackson,36,Prefer not to say,Chicago,leslie.jones@gmail.com,2022-12-23
395,Jamie Taylor,30,Male,San Jose,jordan.davis@yahoo.com,2023-07-02
396,Alex Williams,47,Prefer not to say,Charlotte,jordan.brown@outlook.com,2023-05-09
397,John Miller,66,Non-binary,Austin,pat.harris@outlook.com,2022-11-22
398,Casey Harris,39,Non-binary,San Antonio,casey.smith@gmail.com,2022-12-18
399,Riley Jackson,52,Prefer not to say,Chicago,morgan.smith@yahoo.com,2024-04-09
400,Jordan White,24,Prefer not to say,Houston,chris.jackson@hotmail.com,2022-11-13
401,Alex Williams,68,Male,San Jose,leslie.johnson@yahoo.com,2024-02-02
402,Bailey Anderson,37,Female,Jacksonville,casey.moore@gmail.com,2024-07-20
403,Bailey Smith,35,Non-binary,Chicago,sam.johnson@gmail.com,2023-06-15
404,Taylor Jackson,22,Female,Fort Worth,drew.jones@outlook.com,2024-07-21
405,Pat Anderson,46,Female,Jacksonville,leslie.anderson@hotmail.com,2024-08-22
406,Drew Miller,50,Male,Jacksonville,riley.white@gmail.com,2023-01-10
407,Bailey Wilson,31,Male,Houston,jamie.thomas@yahoo.com,2024-04-29
408,Leslie Taylor,37,Prefer not to say,Chicago,pat.jackson@outlook.com,2023-01-06
409,John Johnson,68,Non-binary,Houston,jordan.taylor@hotmail.com,2024-04-11
410,Alex Jackson,50,Non-binary,Chicago,bailey.white@hotmail.com,2022-10-29
411,Bailey Davis,38,Prefer not to say,San Jose,leslie.williams@hotmail.com,2023-01-26
412,Morgan Jones,62,Male,Houston,chris.brown@outlook.com,2022-08-18
413,Jane Moore,63,Male,Columbus,bailey.wilson@hotmail.com,2022-03-04
414,Pat Johnson,52,Male,Fort Worth,morgan.thomas@yahoo.com,2022-07-19
415,Morgan Johnson,52,Male,San Jose,casey.jones@outlook.com,2023-10-12
416,Jordan Jones,69,Male,Philadelphia,alex.jones@hotmail.com,2024-08-20
417,Jordan Jones,19,Male,Los Angeles,leslie.taylor@gmail.com,2023-06-23
418,Riley Thomas,54,Non-binary,Fort Worth,morgan.moore@hotmail.com,2022-05-04
419,John Jones,22,Male,Columbus,casey.smith@yahoo.com,2023-04-18
420,Chris Miller,19,Non-binary,New York,chris.miller@outlook.com,2023-10-12
421,Taylor Jones,69,Female,San Jose,jane.jones@outlook.com,2023-08-06
422,Sam Taylor,64,Male,Columbus,casey.jones@yahoo.com,2023-06-23
423,Chris Miller,19,Female,San Diego,john.brown@outlook.com,2023-09-21
424,Casey Johnson,66,Male,Philadelphia,jordan.wilson@gmail.com,2024-04-25
425,John Thomas,38,Prefer not to say,New York,bailey.harris@gmail.com,2024-01-30
426,Morgan Brown,35,Prefer not to say,San Jose,casey.moore@outlook.com,2024-09-30
427,Jamie Wilson,28,Male,Chicago,john.moore@hotmail.com,2024-04-13
428,Jordan Johnson,37,Non-binary,Phoenix,jordan.jones@yahoo.com,2022-03-13
429,Jordan Harris,54,Female,Austin,bailey.moore@hotmail.com,2023-12-31
430,Jane Thomas,39,Prefer not to say,Austin,jamie.williams@outlook.com,2022-04-02
431,Jordan Davis,64,Prefer not to say,Charlotte,morgan.miller@outlook.com,2023-10-05
432,Bailey Moore,69,Female,San Antonio,pat.wilson@gmail.com,2022-11-26
433,Morgan Jackson,42,Prefer not to say,Columbus,alex.johnson@outlook.com,2022-04-18
434,Jamie Brown,66,Non-binary,San Antonio,morgan.harris@hotmail.com,2023-07-17
435,Chris Thomas,27,Female,San Antonio,jordan.jones@hotmail.com,2023-09-20
436,Drew Davis,29,Female,Charlotte,pat.williams@gmail.com,2024-03-15
437,Jamie Anderson,50,Male,San Antonio,pat.jones@hotmail.com,2022-10-06
438,Bailey Taylor,28,Male,San Antonio,sam.taylor@outlook.com,2023-11-19
439,Jordan Johnson,68,Non-binary,San Antonio,morgan.harris@outlook.com,2022-11-03
440,Taylor Moore,57,Prefer not to say,San Jose,drew.johnson@outlook.com,2023-12-16
441,Drew Davis,19,Prefer not to say,Chicago,drew.jones@hotmail.com,2024-09-14
442,Taylor Thomas,39,Male,Fort Worth,drew.taylor@yahoo.com,2022-02-23
443,Alex Wilson,56,Female,Dallas,riley.smith@gmail.com,2024-07-20
444,Jordan Jones,49,Female,San Diego,sam.moore@hotmail.com,2023-02-21
445,Riley Smith,34,Non-binary,Jacksonville,jamie.johnson@hotmail.com,2023-11-20
446,Chris Wilson,67,Prefer not to say,Philadelphia,alex.johnson@yahoo.com,2023-12-14
447,Jane Moore,52,Male,Fort Worth,morgan.johnson@gmail.com,2023-10-23
448,John Brown,38,Non-binary,San Jose,sam.williams@outlook.com,2023-04-27
449,Jordan Brown,42,Female,Chicago,chris.johnson@outlook.com,2024-08-18
450,Jamie Harris,62,Non-binary,Charlotte,sam.williams@outlook.com,2022-04-24
451,Morgan Taylor,26,Female,Austin,jane.williams@gmail.com,2022-06-09
452,Leslie Thomas,46,Non-binary,Dallas,alex.brown@hotmail.com,2022-07-28
453,Chris Davis,61,Prefer not to say,San Diego,alex.brown@yahoo.com,2024-05-12
454,Chris Johnson,70,Female,Charlotte,morgan.wilson@gmail.com,2023-06-12
455,Jordan Anderson,67,Female,Dallas,jordan.wilson@yahoo.com,2022-10-01
456,Jamie Jones,37,Male,San Jose,morgan.wilson@outlook.com,2022-12-30
457,Pat Smith,59,Female,San Jose,pat.smith@gmail.com,2024-02-15
458,Taylor Thomas,44,Male,Los Angeles,casey.jackson@yahoo.com,2023-08-02
459,Jane Smith,19,Male,San Antonio,riley.moore@hotmail.com,2023-06-14
460,Taylor Davis,40,Non-binary,Charlotte,sam.taylor@hotmail.com,2024-02-11
461,Jamie Williams,35,Female,Chicago,jane.harris@outlook.com,2024-08-15
462,Riley Moore,54,Female,Jacksonville,alex.moore@gmail.com,2023-05-11
463,Chris Brown,26,Male,Houston,alex.moore@gmail.com,2023-01-26
464,Chris Thomas,26,Non-binary,New York,pat.jackson@outlook.com,2023-06-21
465,Jamie Miller,65,Non-binary,Phoenix,bailey.taylor@yahoo.com,2022-02-12
466,Leslie Harris,54,Non-binary,New York,pat.moore@gmail.com,2023-06-16
467,Morgan Jones,35,Female,Dallas,sam.miller@gmail.com,2022-11-19
468,Sam Miller,35,Female,Houston,john.jones@hotmail.com,2024-08-09
469,Bailey Taylor,49,Prefer not to say,Phoenix,sam.brown@outlook.com,2023-04-14
470,Drew Anderson,62,Non-binary,Phoenix,pat.brown@yahoo.com,2022-03-13
471,Morgan Harris,38,Female,Austin,drew.davis@yahoo.com,2024-03-29
472,Morgan White,36,Non-binary,Houston,taylor.anderson@outlook.com,2023-03-04
473,Leslie Smith,25,Non-binary,Houston,bailey.moore@hotmail.com,2023-01-27
474,Casey Miller,67,Non-binary,Phoenix,pat.williams@gmail.com,2022-11-27
475,Jamie Johnson,25,Non-binary,Charlotte,leslie.williams@hotmail.com,2024-03-10
476,Taylor Jackson,33,Female,Jacksonville,casey.jackson@yahoo.com,2022-03-29
477,Pat Harris,36,Prefer not to say,Philadelphia,jane.williams@yahoo.com,2023-05-22
478,Casey Davis,67,Prefer not to say,Phoenix,bailey.taylor@yahoo.com,2022-08-18
479,Drew White,24,Prefer not to say,Phoenix,pat.jones@gmail.com,2023-12-23
480,Drew Wilson,29,Female,Dallas,chris.williams@gmail.com,2022-08-20
481,Alex Brown,55,Non-binary,Philadelphia,pat.anderson@gmail.com,2024-04-12
482,Jamie Williams,40,Non-binary,Charlotte,leslie.anderson@yahoo.com,2022-10-29
483,Morgan White,59,Prefer not to say,Fort Worth,jamie.jones@gmail.com,2022-03-18
484,Riley Harris,64,Non-binary,Chicago,sam.williams@outlook.com,2023-08-05
485,Sam Wilson,69,Prefer not to say,San Diego,jamie.miller@yahoo.com,2024-03-09
486,Jordan Jackson,49,Prefer not to say,Chicago,pat.taylor@hotmail.com,2024-05-09
487,Drew Brown,60,Female,Dallas,riley.davis@outlook.com,2024-06-15
488,Alex Brown,32,Non-binary,Houston,leslie.wilson@outlook.com,2022-06-18
489,Drew Wilson,39,Non-binary,Houston,taylor.miller@outlook.com,2023-03-21
490,Drew White,45,Female,Dallas,riley.miller@outlook.com,2022-08-05
491,Riley Taylor,46,Male,San Jose,taylor.taylor@gmail.com,2023-05-09
492,Casey Wilson,43,Prefer not to say,Charlotte,alex.harris@yahoo.com,2024-06-14
493,Pat Jones,57,Non-binary,Austin,riley.thomas@outlook.com,2024-02-13
494,Riley Smith,67,Male,Dallas,bailey.wilson@outlook.com,2023-09-10
495,Taylor Miller,49,Non-binary,Dallas,jamie.johnson@outlook.com,2023-04-21
496,Jordan Anderson,30,Prefer not to say,Fort Worth,riley.taylor@outlook.com,2022-02-11
497,Chris Johnson,57,Female,San Jose,sam.wilson@yahoo.com,2022-12-21
498,Sam Thomas,51,Prefer not to say,Charlotte,drew.williams@hotmail.com,2022-02-23
499,John Taylor,37,Non-binary,Jacksonville,john.williams@outlook.com,2024-02-25
500,John Miller,69,Non-binary,Houston,riley.thomas@outlook.com,2023-04-04
501,Jamie Anderson,59,Prefer not to say,Houston,drew.thomas@yahoo.com,2023-09-28
502,Jane Moore,59,Female,Charlotte,sam.johnson@outlook.com,2024-06-07
